id,content
1,"File: 2024 Insurance Company X Slip - 11111.pdf Risk Details 875 ABR | Unique Market Reference (UMR) | Contract X (Renewing 11110) | | ----------------------------- | -------------------------------------------------------------------------------------------------------------------------------------------------------------------------------------------------------------------------------------------------------------------------------------------------------------------------------------------------------------------------------------------------------------------------------------------------------------------------------------------------------------------------------------------------------------------------------------------------------------------------------------------------------------------------------------------------------------------------------------------------------------------------------------------------------------------------------------------------------------------------------------------------------------------------------------------- | | Reinsured | Insurance Company X | | Period | This Contract shall cover losses occurring during the 12 months period: from: 1 January 2024 to: 31 December 2024 both days inclusive, local standard time at the place where the loss occurs."
2,"| | Class of Business | This Contract shall cover all direct insurances, pooling arrangements and facultative reinsurances, in respect of the original insurances written by the Reinsured for business covering the Risks specified below, emanating from its Direct, Provincial, Underwriting Agencies, Co-insurance and Facultative Reinsurance portfolios which are in force at inception hereof, and/or accepted, and/or renewed during the period of this Contract by the Reinsured."
3,"Type of Risks written: Simple, Industrial, Commercial, Agricultural covering the following lines of business: Property Lines Fire and allied perils and extended coverages including consequential loss (including Maximum Possible Loss errors) and Environmental Risks Insurances Motor Physical Damage, including Caravans; Engineering Lines - Construction All Risks / Erection All Risks material damage and subsidiary liability, | Reinsured Page 1Broker ABC **--- PAGE BREAK ---** Contract X including Contractors' Plant and Equipment, Electronic Equipment Computer, Work and Landmaterial risks (hull cover only), Third Party Liability, Inherent Defect Insurance, Decennial Liability in Belgium, Delay in Start-Up (Advance Loss of Profit), Contractor's Professional Indemnity (in respect of Public-Private Partnerships; not on a stand-alone basis), Machinery Breakdown, Machinery Loss of Profits, Low Voltage, Guarantee."
4,"Territorial Scope The territorial scope of this Contract shall be in accordance with the original policies written in The Netherlands and Belgium Limits | | Limits | Deductibles | | --- | --- | --- | | Layer 1 | EUR 35,000,000 | in excess of EUR 85,000,000 | | Layer 2 | EUR 60,000,000 | in excess of EUR 120,000,000 | | Layer 3 | EUR 195,000,000 | in excess of EUR 180,000,000 | | Layer 4 | EUR 325,000,000 | in excess of EUR 375,000,000 | | Layer 5 | EUR 750,000,000 | in excess of EUR 700,000,000 | Ultimate Net Loss each and every Loss Occurrence."
5,"Reinstatement Provisions In the event of loss or losses occurring under this Contract, it is hereby mutually agreed to reinstate this Contract to its full amount from the time of such loss or losses until the expiry of this Contract, however, limited to the number of reinstatements and at an additional premium, calculated as follows: Layer 1: Two full reinstatements, at 100% additional premium as to time but pro rata as to amount reinstated."
6,"Premium Minimum and Deposit premium: | Layer 1 EUR | 5,756,200 | | ----------- | ---------- | | Layer 2 EUR | 7,229,250 | | Layer 3 EUR | 8,652,150 | | Layer 4 EUR | 8,701,450 | | Layer 5 EUR | 11,475,000 | Each amount payable in four equal instalments at 1 February 2024, 1 April 2024, 1 July 2024 and 1 October 2024."
7,"As soon as possible after the premium adjustment date, the deposit premium shall be adjusted to an amount equal to the rate of: | Layer 1 | 0.62396 % | | ------- | --------- | | Layer 2 | 0.78358 % | | Layer 3 | 0.93781 % | | Layer 4 | 0.94320 % | | Layer 5 | 1.24378 % | applied to the Reinsured's Premium Income Final settlement of premium to be effected within six months after the adjustment date."
8,"Page 3 Broker ABC **--- PAGE BREAK ---** Contract X Slip Leader | Notices | Terminology Clarification Notice - X1325 | | ------- | ------------------------------------------------------------------------------------------------------------------------------------------------------------------------------------------------------------------------------------------------------------------------------------------------------------------------------------------------------------------------------------------------------------------------------------------------------------------------------------------------------------------------------------------------------------------------- | | | For the purposes of this Contract, where established market referenced clauses are included herein, terminology is maintained as utilised in such issued clauses."
9,"| | | General Data Protection Regulation (EU) 2016/679 (Based on ~ Broker ABC2281) | | | The terms ""Personal Data"", ""Data Subject"", ""Controller"", ""Processing"" and ""Supervisory Authority"" used in this clause shall have the same meanings as those prescribed under Article 4 of the General Data Protection Regulation (EU) 2016/679 (hereinafter referred to as the GDPR)."
10,"The Reinsured also confirms that it has provided all necessary notices and obtained all necessary consents from ""Data Subjects"" in accordance with the GDPR, to enable ""Personal Data"" to be transferred and/or disclosed to the Reinsurer, and the Reinsured will continue to provide such notices and obtain all requisite consents from ""Data Subjects""."
11,"| | | Where necessary, in order for the Reinsured and Reinsurer to fulfil their respective obligations under the GDPR in relation to the ""Processing"" of the ""Personal Data"", particularly with regard to responding to requests or notices from ""Data Subjects"" that exercise their rights, and/or enquiries from ""Supervisory Authorities"", each party shall provide reasonable cooperation and assistance to the other party to enable the latter party to fulfil its respective obligations."
12,"| | | On a similar basis to the Reinsured, the Reinsurer acknowledges the obligations placed upon it, as a ""Controller"", to comply with the provisions of the GDPR, whether it is a Reinsurer established in the EU or otherwise, subject always to the GDPR being applicable to the Reinsurer concerned, whereby ""Personal Data"", as defined thereunder, received from the Reinsured as part of a reinsurance transaction under this Contract, shall be processed by the Reinsurer in accordance with the provisions of the GDPR."
13,"Where the Reinsurer is established outside of the European Economic Area and in the country which is not covered by adequacy decisions of the European Commission, the Reinsurer agree to put in place appropriate safeguards to protect the rights and freedoms of ""Data Subjects"", such as standard contractual clauses approved by the European Commission or such other transfer mechanism as approved by the European Commission."
14,"| | Mediation Dispute Resolution | Mediation Dispute Resolution - X2224 | | Mediation Dispute Resolution | Where any dispute or difference between the parties arising out of or in connection with this Contract including formation and validity and whether arising during or after the period of this Contract has not been settled through discussion or negotiation, both parties agree to try in good faith to settle such dispute through mediation, before resorting to arbitration in accordance with the Arbitration condition herein."
15,"| | Arbitration | Arbitration - X2182 All matters in difference between the parties arising under, out of or in connection with this Contract, including formation and validity and whether arising during or after the period of this Contract, which has not been resolved through mediation, shall be referred to an arbitration tribunal in the manner hereinafter set out."
16,"The arbitration tribunal shall, so far as is permissible under the law and practice of the seat of arbitration, have power to fix all procedural rules for the holding of the arbitration including discretionary power to make orders as to any matters which it may consider proper in the circumstances of the case with regard to pleadings, | Mediation Dispute Resolution Page 5Broker ABC **--- PAGE BREAK ---** Contract X | | discovery, inspection of the documents, examination of witnesses and any other matter whatsoever relating to the conduct of the arbitration and may receive and act upon such evidence whether oral or written strictly admissible or not as it shall in its discretion think fit."
17,"| | Reinsurer Contract Documentation | This document (Risk Details, Risk Details - Conditions, Risk Details - Appendices, Security Details, Intermediary Remuneration and Deductions, Signing Pages), whether a paper document, or a scanned copy in PDF or any alternative secure digital format, details the Contract terms and conditions entered into by the Reinsurers and constitutes the Contract Documentation, and shall also include endorsements subsequently agreed by Reinsurers."
18,"| Reinsurer Contract Documentation Page 6Broker ABC **--- PAGE BREAK ---** Contract X Risk Details - Conditions Index | Condition 1 | Definition of ""Loss Occurrence"" | X2625 | | ------------ | ----------------------------------------- | -------------- | | Condition 2 | Extended Expiration | X1012 | | Condition 3 | Ultimate Net Loss | Based on X2303 | | Condition 4 | Salvages | X1023 | | Condition 5 | Net Retained Lines | | | Condition 6 | Rates of Exchange | X2433 | | Condition 7 | Notification of Claims | Based on X1637 | | Condition 8 | Loss Settlements | Based on X2226 | | Condition 9 | Offset | X1548 | | Condition 10 | Inspection of Records | Based on X2557 | | Condition 11 | Confidentiality | Based on X2286 | | Condition 12 | Severability | X2177 | | Condition 13 | Errors and Omissions | X1014 | | Condition 14 | Termination and Insolvency | | | Condition 15 | Change in Law | | | Condition 16 | Mode of Execution Clause | X2417 | | Condition 17 | Amendments | X2418 | | Condition 18 | Sanctions Limitation and Exclusion"
19,"Clause | X1774 | | Condition 19 | Intermediary | X2484 | Page 7 X **--- PAGE BREAK ---** Contract X Condition 1 Definition of ""Loss Occurrence"" -X2625 The term ""Loss Occurrence"" shall mean all individual insured losses arising out of and directly occasioned by one event, provided always that the losses concerned shall have the same direct cause, occur during the same period of time and in the same area."
20,The Reinsured may choose the date and time when any such period of consecutive hours commences and if any event is of greater duration than the above periods the Reinsured may divide that event into two or more Loss Occurrences provided no two periods overlap and provided no period commences earlier than the date and time of the happening of the first recorded individual loss to the Reinsured in that event.
21,"In circumstances where consecutively occurring Loss Occurrences arise and it is impossible for the Reinsured to determine the particular Loss Occurrence which has caused any loss or losses which are covered hereunder, the Reinsured shall allocate such loss or losses to the Loss Occurrence, which most likely occasioned the loss or losses concerned."
22,"Condition 2 Extended Expiration - X1012 If this Contract should expire or be terminated while a Loss Occurrence covered by this Contract is in progress, it is understood and agreed that subject to the other terms and conditions of this Contract, the Reinsurers hereon are responsible as if the entire loss or damage had occurred prior to the expiration or termination of this Contract, provided that no part of that Loss Occurrence is claimed against any renewal or replacement of this Contract."
23,"Page 8 X **--- PAGE BREAK ---** Contract X Condition 3 Ultimate Net Loss (Based on - X2303) The term ""Ultimate Net Loss"" shall mean the sum actually paid or payable by the Reinsured in respect of any loss, including expenses of litigation, if any, and all other loss expenses of the Reinsured, (excluding, however, office expenses and salaries of employees of the Reinsured)."
24,"Nothing in this clause shall be construed to mean that a payment by Reinsurers under this Contract cannot be made until the Ultimate Net Loss of the Reinsured has been finally ascertained Condition 4 Salvages - X1023 All salvages, recoveries or payments recovered or received subsequent to any loss settlement hereunder shall be applied as if recovered or received prior to the aforesaid settlement and all necessary adjustments shall be made by the parties hereto."
25,"Condition 6 Rates of Exchange - X2433 For the purpose of this Contract, currencies other than Euro (EUR) shall be converted into such currency at the rates of exchange used in the Reinsured's books, or where there is a specific remittance for a loss settlement hereunder, at the rates of exchange applying when the Reinsurer makes the payment to the Reinsured."
26,"Condition 7 Notification of Claims (Based on - X1637) The Reinsured undertakes to advise the Reinsurers in writing as soon as a claim is likely to exceed 75% of the deductible, together with an estimate of the Reinsurers' liability and thereafter keep the Reinsurers fully informed of any developments regarding the claim."
27,"Page 9 X **--- PAGE BREAK ---** Contract X Condition 8 Loss Settlements (Based on - X2226) All loss settlements made by the Reinsured, provided same are within the terms and conditions of the original business covered hereunder and within the terms and conditions of this Contract, shall be unconditionally binding upon the Reinsurers and amounts falling to the share of the Reinsurers shall be payable by them within fourteen days upon reasonable evidence of the amount paid or payable being given by the Reinsured."
28,Condition 9 Offset - X1548 The Reinsured or the Reinsurers shall have and may exercise at any time the right to offset any balance or balances whether on account of premiums or on account of losses or otherwise due from one party to the other under the terms of this Contract.
29,"Condition 10 Inspection of Records (Based on - X2557) The Reinsurers or representatives duly authorised by them may at any time during normal office hours of the Reinsured inspect records and/or documents of the Reinsured which relate to the business covered under this Contract, other than records and/or documents which are designated as legally privileged."
30,"Where the Reinsurer is unable to inspect and take copies of the Reinsured's records and/or documents because they are designated as legally privileged, the Reinsured shall take all reasonable steps to provide the Reinsurer with the information it requires without compromising the legally privileged status of such records and/or documents."
31,"Page 10 X **--- PAGE BREAK ---** Contract X Should arbitration or judicial proceedings, including any pre-action protocols, be pending or initiated between the parties, the Reinsurers' right of inspection under this Contract shall not apply, and will be subject to the discovery process with respect to that arbitration or judicial proceeding."
32,"Condition 11 Confidentiality (Based on ~ X2286) All terms and conditions of this Contract and any materials provided in connection therewith, including renewal information and claims data (herein referred to as ""Confidential Information"") are confidential to the Reinsured and shall be kept strictly confidential by the Reinsurers hereon and not disclosed to third parties, other than as provided below."
33,"The Reinsurers are permitted to disclose the Confidential Information to the following: Their directors and employees and the directors and employees of their group affiliates, who are responsible for this Contract or are required to review or process the Confidential Information in respect of this Contract; Their out-sourcing organisations and third party service providers, including any market administration bureaux, who undertake administrative roles in respect of the Reinsurers' performance and obligations under this Contract; subject to a written confidentiality agreement being in place between the Reinsurer and such organisation or service provider which is no less stringent than the provisions of this clause; Their external professional advisors, legal counsel, representatives, actuaries, accountants or auditors; Their retrocessionaires for the purposes of its own reinsurance/retrocession protections; Their internal legal counsel; Governmental authorities, regulators performing an audit of the Reinsurers' records and/or financial condition; An arbitrator, mediator or umpire in any dispute resolution proceeding between the Reinsured and the Reinsurer pursuant to the terms of this Contract; Any other third party if agreed by the Reinsured in writing prior to the disclosure."
34,"In circumstances where Confidential Information is stored on a group wide information technology facility and is used for administration, risk management, claims handling, business analysis and accounting purposes and is therefore accessible to other members of that group, the Reinsurers shall take every precaution to ensure that the integrity and appropriate level of confidentiality is maintained."
35,"Confidential Information shall not include information which: the Reinsurers are already lawfully in possession of prior to disclosure by the Reinsured; was in the public domain at the time of the communication of such Confidential Information to the Reinsurers by the Reinsured or its designated agents; entered the public domain, through no fault of the Reinsurers, subsequent to the time of the Reinsurers' receipt of the Confidential Information from the Reinsured or its designated agents, without violating any of the Reinsurers' obligations under this Contract; or is lawfully made available to the Reinsurers by a third party who is free to make such disclosure without breach of any legal obligation; the Reinsurers develop independently; The duty of confidentiality does not apply where disclosure has to be made as a result of subpoena or other duly-issued order of a court or other governmental agency or regulatory authority."
36,"In the event that the Reinsurers are required by a court order, other legal process or any regulatory authority to release or disclose any or all of the Confidential Information, the Reinsurers agree to provide the Page 11 X **--- PAGE BREAK ---** Contract X Reinsured with written notice of same as soon as practicable, where allowed by applicable law and to use reasonable efforts to assist the Reinsured in maintaining the confidentiality provided for in this clause, as far as legally possible."
37,"Condition 12 Severability - X2177 If any provision of this Contract shall be rendered to be invalid, illegal, unenforceable or in conflict with the law of any applicable jurisdiction, the validity, legality and enforceability of the remaining provisions of this Contract shall not in any way be affected or impaired thereby."
38,"If the country or territory in which the Reinsurer(s) reside or have their head office or are incorporated shall be involved in war with the country or territory in which the Reinsured reside or have their head office or are incorporated, whether declared or not, or civil war, or is wholly or partly occupied by a foreign power."
39,"In the event of this Contract being cancelled at any date other than stated under Period, then the Premium due to the Reinsurers shall be calculated upon either: a) the Premium Income of the Reinsured up to the date of termination grossed up to the full year at pro rata temporis, or the minimum premium, whichever is the greater, or Page 12 X **--- PAGE BREAK ---** Contract X b) the flat premium, if applicable."
40,"Return premium is then calculated using the following allocation of the premium over the four quarters based upon an estimation of the relative seasonal exposure: | January to March: | 40% | | -------------------- | --- | | April to June: | 10% | | July to September: | 10% | | October to December: | 40% | When cancellation is mid-quarter, the premium calculation for that particular quarter will be based upon pro rata temporis of the applicable percentage for the quarter, shown above."
41,"Notwithstanding the above provisions, in the event that the Reinsurer is subject to a 'Default or Insolvency', a 'Credit Event' or a 'Withdrawal', as described under items 1-3 below, the Reinsured shall be informed thereof by the Reinsurer without delay, but at the latest five (5) days of such circumstance occurring."
42,"The Reinsured only shall then have the right to seek modification of the Contract terms and conditions or to terminate this Contract in accordance with the provisions of this clause in respect of all business in-force at the date of termination, (active policies and outstanding claims) with immediate effect unless indicated otherwise within this clause."
43,"The Reinsurer (1) does not meet its obligations under the Contract (other than an obligation to make any payment under the Contract) despite a written reminder and such failure is not remedied on or before the thirtieth (30) calendar day after notice of such failure is given to the Reinsurer; or (2) the Reinsurer disaffirms, disclaims, repudiates or rejects, in whole or in part, its obligations under the Contract (or such action is taken by any person or entity appointed or empowered to operate it or act on its behalf); C."
44,"The Reinsurer (1) is dissolved; (2) becomes insolvent or is unable to pay its debts or fails or admits in writing its inability generally to pay its debts as they become due; (3) makes a general assignment, arrangement or composition with or for the benefit of its creditors; (4) institutes or has instituted against it a proceeding seeking a judgment of insolvency or bankruptcy or any other relief under any bankruptcy or insolvency law or other similar law affecting creditors' rights, or a petition is presented for its winding-up or liquidation, and, in the case of any such proceeding or petition instituted or presented against it, such proceeding or petition (A) results in a judgment of insolvency or bankruptcy or the entry of an order for relief or the making of an order for its winding-up or liquidation or (B) is not dismissed, discharged, stayed or restrained in each case within sixty (60) days of the institution or presentation thereof; (5) has a resolution passed for its winding-up, official management or liquidation; (6) seeks or becomes subject to the appointment of an administrator, provisional liquidator, conservator, receiver, Trustee, custodian or other similar official for it or for all or substantially"
45,"all its assets; (7) has a secured party take possession of all or substantially all its assets or has a distress, execution, attachment, seizure or other legal process levied, enforced or sued on or against all or substantially all its assets and such secured party maintains possession, or any such process is not dismissed, discharged, stayed or restrained, in each case within sixty (60) days thereafter; (8) causes or is subject to any event with respect to it which, under the law as specified in Law and Jurisdiction for this Contract, has an analogous effect to any of the events Page 13 X **--- PAGE BREAK ---** Contract X specified in paragraphs (1) to (7) (inclusive); or (9) takes any action in furtherance of, or indicating its consent to, approval of, or acquiescence in, any of the foregoing acts (each of (1) to (8)), 2."
46,"In the event of this Contract being terminated at a date other than the expiry date mentioned under Period, the premium(s) due by the Reinsured to the Reinsurer(s) shall be either in accordance with the premium calculation referred to and based upon the Reinsured's Premium Income recorded in its books as from the date of commencement up to such other termination date, or be a pro rata temporis share of the minimum premium, specified under Premium, whichever is the greater."
47,"Insolvency of the Reinsured: Reinsurance Coverage Where an Insolvency Event occurs in relation to the Reinsured the following terms shall apply (and, in the event of any inconsistency between these terms and any other terms of this Contract, these terms shall prevail): (1) Notwithstanding any requirement in this Contract that the Reinsured shall actually make payment in discharge of its liability to its original policyholder before becoming entitled to payment from the Reinsurer(s): (a) the Reinsurer(s) shall be liable to pay the Reinsured even though the Reinsured is unable actually to pay, or discharge its liability to, its original policyholder (b) nothing in this clause shall operate to accelerate the date for payment by the Reinsurer(s) of any sum which may be payable to the Reinsured, which sum shall only become payable as and when the Reinsured would have discharged, by actual payment, its liability for its current net loss but for it being the subject of an Insolvency Event."
48,"(2) The existence, quantum, valuation and date for payment of any sums which the Reinsurer(s) are liable to pay the Reinsured under this Contract shall be those and only those for which the Reinsurer(s) would be liable to the Reinsured if the liability of the Reinsured to its original policyholders had been determined without reference to any term in any composition or scheme of arrangement or any similar such arrangement, entered into between the Reinsured and all or any part of its original policyholders, unless and until the Reinsurer(s) serve written notice to the contrary on the Reinsured in relation to any composition or scheme of arrangement or any similar arrangement."
49,"Page 14 X **--- PAGE BREAK ---** Contract X In the event of any further legislation being enacted after the commencement of this Contract, extending materially the liability of parties involved, the Reinsured and the Slip Leader agree to take up for immediate discussion the terms and conditions upon which this Contract shall continue, these terms and conditions binding all Reinsurers."
50,"Condition 16 Mode of Execution ~ X2417 The binding of this Contract, and the Reinsurer agreement to its terms and conditions and any amendment or changes thereto shall be executed by the Reinsurers, utilising any of the following and by no other means: (a) an original written ink signature of paper documents; (b) a scanned copy in PDF format, or any alternative secure digital document format, showing the original written ink signature of paper documents; (c) digital signature technology, which functionality is under the sole control of the person authorised to execute the digital signature concerned."
51,"Nevertheless, in circumstances where the Reinsurer is unable to access or utilise any of the methods of Contract execution (a) to (d) stated above, the Reinsurer concerned shall be permitted to bind this Contract and to agree to its terms and conditions or amendments and changes, by the submission of an email, which shall be sent by the person authorised to execute this Contract in the ordinary course of business."
52,"Subsequently, at the earliest opportunity following the resumption of normal access to any of the methods of Contract execution (a) to (d) stated above, the Reinsurer shall execute the Contract, or agree the amendment or changes thereto, by any of the methods of Contract execution stated in (a) to (d) above, which shall replace the previous email submission for the purposes of this Contract."
53,"Page 15 X **--- PAGE BREAK ---** Contract X Condition 17 Amendments - X2418 Amendments or changes to this Contract can only be made by endorsement(s) or by e-endorsement(s), which has been produced by the Intermediary and it shall be binding upon both parties when it has been executed by the Reinsurers, (except where an alternative method has been agreed between the parties concerned) in the ordinary course of business."
54,"Nevertheless, as provided by the provisions of the Mode of Execution provision, X2417, as contained herein, in circumstances where the Reinsurer is unable to access or utilise any of the methods of agreement to amendments or changes of this Contract, such agreement may be made, by the submission of an email as stated in the Mode of Execution provision."
55,"Condition 18 Sanction Limitation and Exclusion Clause - X1774 No (re)insurer shall be deemed to provide cover and no (re)insurer shall be liable to pay any claim or provide any benefit hereunder to the extent that the provision of such cover, payment of such claim or provision of such benefit would expose that (re)insurer to any sanction, prohibition or restriction under United Nations resolutions or the trade or economic sanctions, laws or regulations of the European Union, United Kingdom United States of America insofar as they are not in contradiction to the legislative provisions applicable to or the Reinsurer concerned."
56,"1 Exclusions This Contract shall exclude: a) War and Civil War Risks in accordance with the War and Civil War Exclusion ~ NMA464 Loss or Damage directly or indirectly occasioned by, happening through or in consequence of war, invasion, acts of foreign enemies, hostilities (whether war be declared or not), civil war, rebellion, revolution, insurrection, military or usurped power or confiscation or nationalisation or requisition or destruction of or damage to property by or under the order of any government or public or local authority."
57,"Notwithstanding the above, it is agreed that ""Klein Molest"" coverage which is in accordance with the Contact Commissie Brand guidelines of 15th April 1981 is not excluded from this cover provided by this Contract, but limited in relation to terrorism as stipulated in the NHT and Terrorism provision stated in d) below."
58,"and Canada) ~ NMA1975A ii) Any other liability, loss, cost or expense of whatsoever nature directly or indirectly caused by, resulting from, arising out of or in connection with nuclear reaction, nuclear radiation or radioactive contamination regardless of any other cause contributing concurrently or in any other sequence to the loss, save where such liability, loss, cost or expense arises under insurances or reinsurances expressly exempted from NMA 1975A in respect of which the Reinsured has specifically granted cover."
59,"and Canada) NMA 1975A to the contrary, it is hereby noted and agreed that the said exclusion shall not apply to damage caused by radioactive nuclides outside a nuclear installation which are being used or intended for use for industrial, commercial, agricultural, medical, scientific, educational, or (non-military) security and/or safety purposes, provided a licence valid for production, use, storage and disposal of nuclear matter has been issued (if necessary) by any public authority."
60,"In case of providing this extension for unnamed suppliers and customers, a sublimit of maximum EUR 500,000 of the business interruption sum per policy is applicable, III) an additional price is charged, IV) only the accumulation of named supplier and/or customers extensions is being registered with regard to these exposures."
61,"(NHT)) In respect of risks covered by the material and geographical scope of NHT, the following Terrorism Exclusion Clause shall apply: Page 17 X **--- PAGE BREAK ---** Contract X 1.1 Excluded are terrorism losses covered by the NHT, and terrorism losses which would have been covered by the NHT had the Company participated in the NHT, in accordance with the Reinsurance Agreement between the NHT and its Reinsureds (in accordance with the NHT ""Clausuleblad terrorismedekking"" and the NHT ""Protokol afwikkeling claims"")."
62,"Terrorism Exclusion Belgium This Contract does not cover the Reinsured for its liability for any losses or claims directly or indirectly caused by, resulting from, happening through, arising out of or in connection with Terrorism, save only for the following liabilities in respect of Reinsured's own risks covered under this Contract to which the Reinsured is exposed as a result of the rules of the Belgian Terrorism Pool (TRIP): i) losses or claims affecting risks which are not covered under the TRIP's mechanism as defined in the Belgian law of 1st April 2007 relating to terrorism losses (""Loi relative à l'assurance contre les dommages causés par le terrorisme""); ii) that part of the Reinsured's TRIP retention iii) liability exceeding the TRIP annual limit imposed by Art 3.1 of the Belgian law of 1st April 2007, only if and in so far as said limit is disapplied by order of a Court, and only after all possible appeals have been exhausted."
63,"In respect of risks not falling under article 1, 2 or 3, the following terrorism exclusion clause shall apply: Terrorism Exclusion Endorsement (Reinsurance) ~ NMA2921 Notwithstanding any provision to the contrary within this reinsurance or any endorsement thereto it is agreed that this reinsurance excludes loss, damage, cost or expense of whatsoever nature directly or indirectly caused by, resulting from or in connection with any act of terrorism regardless of any other cause or event contributing concurrently or in any other sequence to the loss."
64,"For the purpose of this endorsement an act of terrorism means an act, including but not limited to the use of force or violence and/or the threat thereof, of any person or group(s) of persons, whether acting alone or on behalf of or in connection with any organisation(s) or government(s), committed for political, religious, ideological or similar purposes including the intention to influence any government and/or to put the public, or any section of the public, in fear."
65,"This exclusion does not apply to: Motor Physical Damage, including Caravans; The following Engineering Lines: Construction All Risks, Erection All Risks, Landmaterial risks (hull cover only) g) Total Asbestos Exclusion It is hereby understood and agreed that this Contract shall not apply to and does not cover any actual or alleged liability whatsoever for any claim or claims in respect of loss or losses, directly or indirectly arising out of, resulting from, or in consequence of or in any way involving asbestos or any materials containing asbestos in whatever form or quantity, provided that the loss or losses are caused by the hazardous nature of asbestos."
66,"Notwithstanding any provision to the contrary within this Contract or any endorsement thereto, it is understood and agreed as follows: i) This Contract shall not cover any loss or damage due to contamination, pollution, soot, deposition, impairment with dust, chemical precipitation, adulteration, poisoning, impurity, epidemic and disease or due to any limitation or prevention of the use of objects because of hazards to health."
67,"ii) This exclusion does not apply if such loss or damage arises as a direct consequence of the perils of Fire, lightning, explosion, impact of aircraft Vehicle impact, sonic boom Accidental escape of water from any tank apparatus or pipe Riot, civil commotion, malicious damage Storm, hail Flood, inundation Earthquake Landslide, subsidence Snow pressure, avalanche Page 19 X **--- PAGE BREAK ---** Contract X Volcanic eruption or physical damage of the type insured by the original policy which occurred on the insured premises."
68,iii) If a peril not excluded from the original policy arises directly from pollution and / or contamination any loss or damage arising directly from that peril shall be covered iv) All other terms and conditions of the reinsurance contract shall be unaltered and especially the exclusions shall not be superseded by this clause.
69,"Notwithstanding any provision to the contrary within this reinsurance agreement, this reinsurance agreement excludes any loss, damage, liability, claim, cost or expense of whatsoever nature, directly or indirectly caused by, contributed to by, resulting from, arising out of, or in connection with a Communicable Disease or the fear or threat (whether actual or perceived) of a Communicable Disease regardless of any other cause or event contributing concurrently or in any other sequence thereto."
70,"Subject to the other terms, conditions and exclusions contained in this reinsurance agreement, this reinsurance agreement will cover physical damage to property insured under the original policies and any Time Element Loss directly resulting therefrom where such physical damage is directly caused by or arising from any of the following perils: mechanical or electrical breakdown, fire, lightning, explosion, aircraft or vehicle impact, power failure or surge, falling objects, windstorm, rainstorm, hail, tornado, cyclone, typhoon, hurricane, earthquake, seaquake, seismic and/or volcanic disturbance/eruption, tsunami, flood, storm surge, water damage, liquefaction, freeze, ice storm, sleet, weight of snow or ice, avalanche, smoke, sprinkler leakage, meteor/asteroid impact, landslip, landslide, mudslide, sinkhole, collapse, bush fire, forest fire, riot, riot attending a strike, looting, civil commotion, vandalism and malicious mischief."
71,"1 ~ LMA5410 Page 20 X **--- PAGE BREAK ---** Contract X 1 Notwithstanding any provision to the contrary within this reinsurance agreement or any endorsement thereto, this reinsurance agreement excludes all loss, damage, liability, cost or expense of whatsoever nature directly or indirectly caused by, contributed to by, resulting from, arising out of or in connection with: 1.1 any loss of, alteration of, or damage to or a reduction in the functionality, availability or operation of a Computer System, unless subject to the provisions of paragraph 2; 1.2 any loss of use, reduction in functionality, repair, replacement, restoration or reproduction of any Data, including any amount pertaining to the value of such Data."
72,"2 Subject to the other terms, conditions and exclusions contained in this reinsurance agreement, this reinsurance agreement will cover physical damage to property insured under the original policies and any Time Element Loss directly resulting therefrom where such physical damage is directly occasioned by any of the following perils: fire, lightning, explosion, aircraft or vehicle impact, falling objects, windstorm, hail, tornado, cyclone, hurricane, earthquake, volcano, tsunami, flood, freeze or weight of snow Definitions | 3 | Computer System means any computer, hardware, software, communications system, electronic device (including, but not limited to, smart phone, laptop, tablet, wearable device), server, cloud or microcontroller including any similar system or any configuration of the aforementioned and including any associated input, output, data storage device, networking equipment or back up facility."
73,"Memorandum of Understanding - Condition 1 - Definition of ""Loss Occurrence"" The following memorandum of understanding regarding the Definition of ""Loss Occurrence"" is noted and agreed between Reinsured and Reinsurer: First paragraph: As regards the following text: ""Such cause is understood to be the peril which directly occasioned the losses."
74,"Where there are several perils which, in an unbroken chain of causation, have occasioned the losses, such cause is understood to be the peril which triggered the chain of causation."" It is noted and agreed that the intention of the clause is that it refers to those losses whereby the direct cause of the loss originates from the insured event."
75,"Page 22 X **--- PAGE BREAK ---** Contract X Second paragraph, point (a): It is noted and agreed between Reinsured and Reinsurer, that the second paragraph under (a) 'where a storm is named refers to a named storms coverage for European windstorms according to the following clarification: Unities Test one event arising out of and directly Defined Time occasioned by Defined Space (geo.) Same Cause All individual losses Loss Occurrence With regards to the peril of European windstorms, one event as referred to in the ""Loss Occurrence"" definition means one single named storm."
76,"Examples: | | Dec 1999: | Lothar/Martin: Two distinct windstorms | | --- | --------- | ------------------------------------------------- | | | Feb 2022: | Dudley/Eunice/Franklin: Three distinct windstorms | ""Named"" in that context means that a name was assigned to the storm by an official meteorological agency such as KNMI, Free University of Berlin, DWD, UK Met Office, etc.."
77,Page 23 X **--- PAGE BREAK ---** Contract X Security Details | Reinsurer's Liability | Reinsurer's Liability Clause ~ LMA3333 (Reinsurer's Liability Several Not Joint) | | ---------------------- | -------------------------------------------------------------------------------------------------------------------------------------------------------------------------------------------------------------------------------------------------------------------------------------------------------------------------------------------------------------------------------------------------------------------------------------------------------------------------------------------------------------------------------------------------------------------------------------------------------------------------------------------------------------------------------------------------------------------------------------------------------------------------------------------------------------------------------------------------------------------------------------------------------------------- | | | The liability of a Reinsurer under this Contract is several and not joint with other Reinsurers party to this Contract.
78,"| | | Proportion of Liability | | | Unless there is ""signing"" (see below), the proportion of liability under this Contract underwritten by each Reinsurer (or, in the case of a Lloyd's syndicate, the total of the proportions underwritten by all the members of the syndicate taken together) is shown next to its stamp and is referred to as its ""written line""."
79,"| | --------------------- | --------------------------------------------------------------------------------------------------------------------------------------------------------------------------------------------------------------------------------------------------------------------------------------------------------------------------------------------------------------------------------------------------------------------------------------------------------- | | Signing Provisions | In the event that the written lines hereon exceed 100% of the order, lines will be signed down in equal proportions so that the aggregate signed lines are equal to 100% of the order without further agreement of any of the Reinsurers."
80,"| | | However: | | | a) In the event that the placement order is not completed by the commencement date of the Period of this Contract then all lines written by that date will be signed in full; | | | b) The Reinsured may elect for the disproportionate signing of Reinsurers lines, without further specific agreement of Reinsurers, providing that any such variation is made prior to the commencement date of the Period of this Contract, | | | c) The signed lines resulting from the application of the above provisions can be varied, before or after the commencement date of the Period of this Contract, by the documented agreement of the Reinsured and all Reinsurers whose lines are to be varied."
81,| Signing Pages Page 25 X **--- PAGE BREAK ---** Contract X Subscription Agreement Slip Leader | Bureaux Leader | Lloyd's Bureau Leader: | | -------------------------------------- | ---------------------------- | | | Company Bureau Leader: | | Basis of Agreement to Contract Changes | Applicable to all Reinsurers | X1700 Amendments or changes to this Contract shall be made in accordance with the Amendments Condition contained in the Risk Details.
82,"| | Claims Administration | Lloyd's Syndicates and IUA member Reinsurers The Intermediary and Lloyd's and IUA member Reinsurers agree that any claims hereunder (including any claims related costs/fees) will be notified and administered via Electronic Claims File (ECF) with any payment(s) processed via Claims Loss Advice and Settlement System (CLASS), unless both parties agree to do otherwise."
83,"| | ------------------------ | -------------------------------------------------------------------------------------------------------------------------------------------------------------------------------------------------------------------------------------------------------------------------------------------------------------------------------------- | | | Where a premium payment warranty date, premium payment condition date or settlement due date falls on either a weekend or UK public holiday, presentation to the appropriate Lloyd's or XIS signing bureau on the next working day subsequent thereto shall be deemed to achieve compliance with the due date in question."
84,"| Page 30Broker ABC **--- PAGE BREAK ---** Contract X Reinsurer Signing Page The Reinsurer named below hereby agrees to the terms and conditions of this Contract and also allows the Intermediary to subsequently allocate a signed line, which is entered below and shall be separately notified to the Reinsurer."
85,"| Reinsured | Insurance Company X ( Xs) N.V, The Hague | | ---------- | ---------------------------------------------------- | | Type | Property Catastrophe Excess of Loss Reinsurance 2024 | | REINSURER: | Reinsurer | | LAYER | WRITTEN LINE | SIGNED LINE (ENTERED BY THE BROKER) | | ------------------------------------------------------------------------------ | ---------------------------------- | ----------------------------------- | | Layer 1: EUR 35,000,000 XS EUR 85,000,000 Underwriter's reference: 11111-101 | 5.50 % | ."
